ORDERNUMBER,PRODUCTNAME
10209,"1972_Alfa_Romeo_GTA, 1999_Yamaha_Speed_Boat, 1941_Chevrolet_Special_Deluxe_Cabriolet, 1900s_Vintage_Bi_Plane, 1937_Horch_930V_Limousine, 1940_Ford_Delivery_Sedan, HMS_Bounty, Boeing_X_32A_JSF"
10215,"1952_Alpine_Renault_1300, 1940_Ford_Pickup_Truck, 1937_Lincoln_Berline, 1936_Mercedes_Benz_500K_Special_Roadster, 1913_Ford_Model_T_Speedster, 1934_Ford_V8_Coupe, 18th_Century_Vintage_Horse_Carriage, 1917_Maxwell_Touring_Car, 1939_Cadillac_Limousine, 1936_Chrysler_Airflow"
10219,"1957_Chevy_Pickup, 1998_Chrysler_Plymouth_Prowler, 1958_Chevy_Corvette_Limited_Edition, 1954_Greyhound_Scenicruiser"
10222,"1972_Alfa_Romeo_GTA, 1980s_Black_Hawk_Helicopter, 1999_Yamaha_Speed_Boat, 1941_Chevrolet_Special_Deluxe_Cabriolet, 1900s_Vintage_Bi_Plane, 1912_Ford_Model_T_Delivery_Wagon, 1937_Horch_930V_Limousine, 1940_Ford_Delivery_Sedan, Corsair_F4U_(_Bird_Cage), The_Schooner_Bluenose, HMS_Bounty, America_West_Airlines_B757_200, The_USS_Constitution_Ship, The_Titanic, The_Queen_Mary, American_Airlines:_MD_11S, Boeing_X_32A_JSF, Pont_Yacht"
10226,"1965_Aston_Martin_DB5, 1995_Honda_Civic, 1999_Indy_500_Monte_Carlo_SS, 1948_Porsche_Type_356_Roadster, 1970_Chevy_Chevelle_SS_454, 1966_Shelby_Cobra_427_S/C, 2002_Chevy_Corvette"
10228,"1952_Alpine_Renault_1300, 1940_Ford_Pickup_Truck, 1913_Ford_Model_T_Speedster, 1934_Ford_V8_Coupe, 18th_Century_Vintage_Horse_Carriage, 1936_Chrysler_Airflow"
10229,"1962_LanciaA_Delta_16V, 1958_Setra_Bus, 1957_Chevy_Pickup, 1964_Mercedec_Tour_Bus, 1926_Ford_Fire_Engine, 1992_Ferrari_360_Spider_red, 1940s_Ford_truck, 1939_Cadillac_Limousine, 1962_Volkswagen_Microbus, 1958_Chevy_Corvette_Limited_Edition, 1980?s_GM_Manhattan_Express, 1954_Greyhound_Scenicruiser, 1996_Peterbilt_379_Stake_Bed_with_Outrigger, 1982_Camaro_Z28"
10233,"1912_Ford_Model_T_Delivery_Wagon, The_Schooner_Bluenose, The_USS_Constitution_Ship"
10236,"1996_Moto_Guzzi_1100i, 1936_Harley_Davidson_El_Knucklehead, 1960_BSA_Gold_Star_DBD34_1960"
10237,"1969_Harley_Davidson_Ultimate_Chopper, 2003_Harley_Davidson_Eagle_Drag_Bike, 2002_Suzuki_XREO, 1957_Vespa_GS150, 1997_BMW_R_1100_S, 1982_Ducati_900_Monster, 1982_Ducati_996_R, 1974_Ducati_350_Mk3_Desmo, 2002_Yamaha_YZR_M1"
10242,1936_Mercedes_Benz_500k_Roadster
10243,"1932_Model_A_Ford_J_Coupe, 1939_Chevrolet_Deluxe_Coupe"
10245,"1952_Alpine_Renault_1300, 1962_LanciaA_Delta_16V, 1958_Setra_Bus, 1940_Ford_Pickup_Truck, 1940s_Ford_truck, 1939_Cadillac_Limousine, 1980?s_GM_Manhattan_Express, 1996_Peterbilt_379_Stake_Bed_with_Outrigger, 1982_Camaro_Z28"
10248,"1972_Alfa_Romeo_GTA, 1999_Yamaha_Speed_Boat, 1903_Ford_Model_A, Collectable_Wooden_Train, 1904_Buick_Runabout, 18th_century_schooner, 1912_Ford_Model_T_Delivery_Wagon, 1940_Ford_Delivery_Sedan, The_Schooner_Bluenose, The_Mayflower, The_USS_Constitution_Ship, The_Titanic, The_Queen_Mary, Pont_Yacht"
10249,"1941_Chevrolet_Special_Deluxe_Cabriolet, 1900s_Vintage_Bi_Plane, 1937_Horch_930V_Limousine, HMS_Bounty, Boeing_X_32A_JSF"
10250,"1980s_Black_Hawk_Helicopter, P_51_D_Mustang, 1928_British_Royal_Navy_Airplane, 1960_BSA_Gold_Star_DBD34_1960, Corsair_F4U_(_Bird_Cage), 1900s_Vintage_Tri_Plane, 1997_BMW_F650_ST, 1928_Ford_Phaeton_Deluxe, 1930_Buick_Marquette_Phaeton, American_Airlines:_B767_300, America_West_Airlines_B757_200, ATA:_B757_300, F/A_18_Hornet_1/72, American_Airlines:_MD_11S"
10251,"1969_Harley_Davidson_Ultimate_Chopper, 1996_Moto_Guzzi_1100i, 2003_Harley_Davidson_Eagle_Drag_Bike, 2002_Suzuki_XREO, 1936_Harley_Davidson_El_Knucklehead, 1997_BMW_R_1100_S"
10257,"1913_Ford_Model_T_Speedster, 1934_Ford_V8_Coupe, 18th_Century_Vintage_Horse_Carriage, 1917_Maxwell_Touring_Car, 1936_Chrysler_Airflow"
10263,"1969_Harley_Davidson_Ultimate_Chopper, 1996_Moto_Guzzi_1100i, 2003_Harley_Davidson_Eagle_Drag_Bike, 2002_Suzuki_XREO, P_51_D_Mustang, 1936_Harley_Davidson_El_Knucklehead, 1997_BMW_R_1100_S, 1960_BSA_Gold_Star_DBD34_1960, 1900s_Vintage_Tri_Plane, 1997_BMW_F650_ST, ATA:_B757_300"
10264,"1957_Vespa_GS150, 1957_Corvette_Convertible, 1982_Ducati_900_Monster, 1961_Chevrolet_Impala, 1982_Ducati_996_R, 1974_Ducati_350_Mk3_Desmo, 2002_Yamaha_YZR_M1"
10267,"1957_Ford_Thunderbird, 1970_Chevy_Chevelle_SS_454, 1949_Jaguar_XK_120, 1952_Citroen_15CV, 1969_Chevrolet_Camaro_Z28, 2002_Chevy_Corvette"
10271,"1957_Chevy_Pickup, 1998_Chrysler_Plymouth_Prowler, 1964_Mercedec_Tour_Bus, 1926_Ford_Fire_Engine, 1992_Ferrari_360_Spider_red, 1970_Dodge_Coronet, 1962_Volkswagen_Microbus, 1958_Chevy_Corvette_Limited_Edition, 1992_Porsche_Cayenne_Turbo_Silver, 1954_Greyhound_Scenicruiser, Diamond_T620_Semi_Skirted_Tanker"
10272,"2001_Ferrari_Enzo, 1969_Corvair_Monza, 1969_Ford_Falcon, 1970_Triumph_Spitfire, 1950_s_Chicago_Surface_Lines_Streetcar, 1962_City_of_Detroit_Streetcar"
10274,"1980s_Black_Hawk_Helicopter, 1900s_Vintage_Bi_Plane, 1937_Horch_930V_Limousine, HMS_Bounty, Boeing_X_32A_JSF"
10276,"1968_Ford_Mustang, 2002_Suzuki_XREO, 1968_Dodge_Charger, 1970_Plymouth_Hemi_Cuda, 1969_Dodge_Super_Bee, 1976_Ford_Gran_Torino, 1957_Vespa_GS150, 1957_Corvette_Convertible, 1982_Ducati_900_Monster, 1971_Alpine_Renault_1600s, 1961_Chevrolet_Impala, 1982_Ducati_996_R, 1974_Ducati_350_Mk3_Desmo, 2002_Yamaha_YZR_M1"
10278,"1993_Mazda_RX_7, 1965_Aston_Martin_DB5, 1948_Porsche_356_A_Roadster, 1995_Honda_Civic, 1999_Indy_500_Monte_Carlo_SS, 1992_Ferrari_360_Spider_red, 1948_Porsche_Type_356_Roadster, 1966_Shelby_Cobra_427_S/C, 1982_Lamborghini_Diablo, 1956_Porsche_356A_Coupe"
10281,"1962_LanciaA_Delta_16V, 1958_Setra_Bus, 1957_Chevy_Pickup, 1964_Mercedec_Tour_Bus, 1926_Ford_Fire_Engine, 1992_Ferrari_360_Spider_red, 1940s_Ford_truck, 1939_Cadillac_Limousine, 1962_Volkswagen_Microbus, 1958_Chevy_Corvette_Limited_Edition, 1980?s_GM_Manhattan_Express, 1954_Greyhound_Scenicruiser, 1996_Peterbilt_379_Stake_Bed_with_Outrigger, 1982_Camaro_Z28"
10282,"2001_Ferrari_Enzo, 1969_Corvair_Monza, 1969_Ford_Falcon, 1998_Chrysler_Plymouth_Prowler, 1903_Ford_Model_A, Collectable_Wooden_Train, 1970_Triumph_Spitfire, 1970_Dodge_Coronet, 1992_Porsche_Cayenne_Turbo_Silver, 1950_s_Chicago_Surface_Lines_Streetcar, Diamond_T620_Semi_Skirted_Tanker, 1962_City_of_Detroit_Streetcar, The_Mayflower"
10285,"1969_Harley_Davidson_Ultimate_Chopper, 1996_Moto_Guzzi_1100i, 2003_Harley_Davidson_Eagle_Drag_Bike, 2002_Suzuki_XREO, 1936_Harley_Davidson_El_Knucklehead, 1997_BMW_R_1100_S, 1960_BSA_Gold_Star_DBD34_1960, 1982_Ducati_900_Monster, 1997_BMW_F650_ST, 1982_Ducati_996_R, 1974_Ducati_350_Mk3_Desmo, 2002_Yamaha_YZR_M1, ATA:_B757_300"
10290,"1917_Maxwell_Touring_Car, 1936_Chrysler_Airflow"
10292,"1957_Chevy_Pickup, 1998_Chrysler_Plymouth_Prowler, 1964_Mercedec_Tour_Bus, 1992_Ferrari_360_Spider_red, 1970_Triumph_Spitfire, 1970_Dodge_Coronet, 1958_Chevy_Corvette_Limited_Edition, 1992_Porsche_Cayenne_Turbo_Silver, 1954_Greyhound_Scenicruiser, 1950_s_Chicago_Surface_Lines_Streetcar, Diamond_T620_Semi_Skirted_Tanker, 1962_City_of_Detroit_Streetcar"
10294,The_Queen_Mary
10295,"1972_Alfa_Romeo_GTA, 1912_Ford_Model_T_Delivery_Wagon, The_Schooner_Bluenose, The_USS_Constitution_Ship, The_Titanic"
10305,"1962_LanciaA_Delta_16V, 1957_Chevy_Pickup, 1998_Chrysler_Plymouth_Prowler, 1964_Mercedec_Tour_Bus, 1926_Ford_Fire_Engine, 1992_Ferrari_360_Spider_red, 1940s_Ford_truck, 1970_Dodge_Coronet, 1962_Volkswagen_Microbus, 1958_Chevy_Corvette_Limited_Edition, 1992_Porsche_Cayenne_Turbo_Silver, 1980?s_GM_Manhattan_Express, 1954_Greyhound_Scenicruiser, Diamond_T620_Semi_Skirted_Tanker"
10307,"1972_Alfa_Romeo_GTA, 1980s_Black_Hawk_Helicopter, 1999_Yamaha_Speed_Boat, 1941_Chevrolet_Special_Deluxe_Cabriolet, 1900s_Vintage_Bi_Plane, 1937_Horch_930V_Limousine, 1940_Ford_Delivery_Sedan, HMS_Bounty, Boeing_X_32A_JSF"
10308,"1996_Moto_Guzzi_1100i, 2003_Harley_Davidson_Eagle_Drag_Bike, P_51_D_Mustang, 1936_Harley_Davidson_El_Knucklehead, 1928_British_Royal_Navy_Airplane, 1960_BSA_Gold_Star_DBD34_1960, Corsair_F4U_(_Bird_Cage), 1900s_Vintage_Tri_Plane, 1997_BMW_F650_ST, 1928_Ford_Phaeton_Deluxe, 1930_Buick_Marquette_Phaeton, American_Airlines:_B767_300, America_West_Airlines_B757_200, ATA:_B757_300, F/A_18_Hornet_1/72, American_Airlines:_MD_11S"
10312,"1952_Alpine_Renault_1300, 1940_Ford_Pickup_Truck, 1937_Lincoln_Berline, 1936_Mercedes_Benz_500K_Special_Roadster, 1917_Grand_Touring_Sedan, 1911_Ford_Town_Car, 1932_Model_A_Ford_J_Coupe, 1928_Mercedes_Benz_SSK, 1913_Ford_Model_T_Speedster, 1934_Ford_V8_Coupe, 18th_Century_Vintage_Horse_Carriage, 1917_Maxwell_Touring_Car, 1939_Cadillac_Limousine, 1939_Chevrolet_Deluxe_Coupe, 1938_Cadillac_V_16_Presidential_Limousine, 1936_Mercedes_Benz_500k_Roadster, 1936_Chrysler_Airflow"
10317,1900s_Vintage_Tri_Plane
10318,"1969_Harley_Davidson_Ultimate_Chopper, 1996_Moto_Guzzi_1100i, 2003_Harley_Davidson_Eagle_Drag_Bike, P_51_D_Mustang, 1936_Harley_Davidson_El_Knucklehead, 1997_BMW_R_1100_S, 1960_BSA_Gold_Star_DBD34_1960, 1997_BMW_F650_ST, ATA:_B757_300"
10319,"2002_Suzuki_XREO, 1969_Dodge_Super_Bee, 1957_Vespa_GS150, 1957_Corvette_Convertible, 1982_Ducati_900_Monster, 1961_Chevrolet_Impala, 1982_Ducati_996_R, 1974_Ducati_350_Mk3_Desmo, 2002_Yamaha_YZR_M1"
10321,"1969_Dodge_Charger, 1993_Mazda_RX_7, 1965_Aston_Martin_DB5, 1948_Porsche_356_A_Roadster, 1995_Honda_Civic, 1999_Indy_500_Monte_Carlo_SS, 1992_Ferrari_360_Spider_red, 1948_Porsche_Type_356_Roadster, 1970_Chevy_Chevelle_SS_454, 1966_Shelby_Cobra_427_S/C, 1949_Jaguar_XK_120, 1982_Lamborghini_Diablo, 1969_Chevrolet_Camaro_Z28, 2002_Chevy_Corvette, 1956_Porsche_356A_Coupe"
10322,"1952_Alpine_Renault_1300, 1962_LanciaA_Delta_16V, 1958_Setra_Bus, 1940_Ford_Pickup_Truck, 1937_Lincoln_Berline, 1936_Mercedes_Benz_500K_Special_Roadster, 1932_Model_A_Ford_J_Coupe, 1926_Ford_Fire_Engine, 1928_Mercedes_Benz_SSK, 1913_Ford_Model_T_Speedster, 1934_Ford_V8_Coupe, 18th_Century_Vintage_Horse_Carriage, 1939_Chevrolet_Deluxe_Coupe, 1938_Cadillac_V_16_Presidential_Limousine"
10324,"1969_Corvair_Monza, 1957_Chevy_Pickup, 1998_Chrysler_Plymouth_Prowler, 1964_Mercedec_Tour_Bus, 1992_Ferrari_360_Spider_red, 1970_Triumph_Spitfire, 1939_Cadillac_Limousine, 1970_Dodge_Coronet, 1962_Volkswagen_Microbus, 1958_Chevy_Corvette_Limited_Edition, 1936_Chrysler_Airflow, 1980?s_GM_Manhattan_Express, 1996_Peterbilt_379_Stake_Bed_with_Outrigger, 1982_Camaro_Z28"
10329,"1969_Harley_Davidson_Ultimate_Chopper, 1996_Moto_Guzzi_1100i, 2003_Harley_Davidson_Eagle_Drag_Bike, 1968_Ford_Mustang, 2002_Suzuki_XREO, 1968_Dodge_Charger, 1970_Plymouth_Hemi_Cuda, 1969_Dodge_Charger, 1948_Porsche_356_A_Roadster, 1936_Harley_Davidson_El_Knucklehead, 1969_Dodge_Super_Bee, 1997_BMW_R_1100_S, 1960_BSA_Gold_Star_DBD34_1960, 1997_BMW_F650_ST, Boeing_X_32A_JSF"
10331,"1993_Mazda_RX_7, 1965_Aston_Martin_DB5, 1917_Grand_Touring_Sedan, 1995_Honda_Civic, 1999_Indy_500_Monte_Carlo_SS, 1992_Ferrari_360_Spider_red, 1948_Porsche_Type_356_Roadster, 1982_Lamborghini_Diablo, 1971_Alpine_Renault_1600s, 1956_Porsche_356A_Coupe, 1961_Chevrolet_Impala, 1982_Ducati_996_R, 1974_Ducati_350_Mk3_Desmo, 2002_Yamaha_YZR_M1"
10333,"1952_Alpine_Renault_1300, 1958_Setra_Bus, 1940_Ford_Pickup_Truck, 1913_Ford_Model_T_Speedster, 1917_Maxwell_Touring_Car, 1939_Cadillac_Limousine, 1936_Chrysler_Airflow, 1996_Peterbilt_379_Stake_Bed_with_Outrigger"
10335,"1958_Chevy_Corvette_Limited_Edition, 1980?s_GM_Manhattan_Express, 1954_Greyhound_Scenicruiser"
10337,"1972_Alfa_Romeo_GTA, 1970_Triumph_Spitfire, 1904_Buick_Runabout, 18th_century_schooner, 1962_City_of_Detroit_Streetcar, The_Mayflower, The_Titanic, The_Queen_Mary, Pont_Yacht"
10346,"1937_Lincoln_Berline, 1949_Jaguar_XK_120, 1952_Citroen_15CV, 1969_Chevrolet_Camaro_Z28, 2002_Chevy_Corvette, 1936_Mercedes_Benz_500k_Roadster"
10349,"1969_Ford_Falcon, 1957_Chevy_Pickup, 1998_Chrysler_Plymouth_Prowler, 1964_Mercedec_Tour_Bus, 1992_Ferrari_360_Spider_red, 1970_Triumph_Spitfire, 1970_Dodge_Coronet, 1958_Chevy_Corvette_Limited_Edition, 1992_Porsche_Cayenne_Turbo_Silver, 1954_Greyhound_Scenicruiser"
10352,"HMS_Bounty, America_West_Airlines_B757_200, American_Airlines:_MD_11S, Boeing_X_32A_JSF"
10353,"P_51_D_Mustang, 1928_British_Royal_Navy_Airplane, 1900s_Vintage_Tri_Plane, 1997_BMW_F650_ST, 1928_Ford_Phaeton_Deluxe, 1930_Buick_Marquette_Phaeton, American_Airlines:_B767_300, ATA:_B757_300, F/A_18_Hornet_1/72"
10357,"1952_Alpine_Renault_1300, 1962_LanciaA_Delta_16V, 1958_Setra_Bus, 1940_Ford_Pickup_Truck, 1926_Ford_Fire_Engine, 1913_Ford_Model_T_Speedster, 1934_Ford_V8_Coupe, 18th_Century_Vintage_Horse_Carriage, 1917_Maxwell_Touring_Car, 1940s_Ford_truck"
